title,Original Price,Current Price,rating,reviews
iPhone 12 mini Simlockvrij 128 GB - Blauw,"€ 739,00 nieuw","€ 400,00",4.2/5,(9.181 reviews)
iPhone SE (2020) Simlockvrij 64 GB - Wit,"€ 319,00 nieuw","€ 160,00",4.2/5,(12.365 reviews)
iPhone 12 Simlockvrij 128 GB - Zwart,"€ 859,00 nieuw","€ 473,00",4.2/5,(17.668 reviews)
iPhone SE (2020) Simlockvrij 64 GB - Zwart,"€ 319,00 nieuw","€ 158,98",4.2/5,(12.363 reviews)
iPhone SE (2020) Simlockvrij 128 GB - Zwart,"€ 379,00 nieuw","€ 188,32",4.2/5,(12.365 reviews)
iPhone 11 Simlockvrij 64 GB - Zwart,"€ 589,00 nieuw","€ 309,22",4.1/5,(22.338 reviews)
iPhone 12 mini Simlockvrij 64 GB - Zwart,"€ 689,00 nieuw","€ 357,89",4.2/5,(9.179 reviews)
iPhone 12 Simlockvrij 128 GB - Zwart,"€ 859,00 nieuw","€ 473,00",4.2/5,(17.668 reviews)
iPhone 11 Simlockvrij 128 GB - Zwart,"€ 639,00 nieuw","€ 374,99",4.1/5,(22.346 reviews)
iPhone 12 mini Simlockvrij 128 GB - Blauw,"€ 739,00 nieuw","€ 400,00",4.2/5,(9.181 reviews)
iPhone 12 mini Simlockvrij 128 GB - Zwart,"€ 739,00 nieuw","€ 382,66",4.2/5,(9.179 reviews)
iPhone 12 Simlockvrij 128 GB - Blauw,"€ 859,00 nieuw","€ 479,00",4.2/5,(17.660 reviews)
iPhone SE (2022) Simlockvrij 64 GB - Middernacht,"€ 559,00 nieuw","€ 302,00",4.5/5,(1.770 reviews)
iPhone 12 Simlockvrij 128 GB - Wit,"€ 859,00 nieuw","€ 496,69",4.2/5,(17.661 reviews)
iPhone 8 Simlockvrij 64 GB - Spacegrijs,"€ 299,00 nieuw","€ 130,39",4.1/5,(6.335 reviews)
iPhone 12 mini Simlockvrij 64 GB - Blauw,"€ 689,00 nieuw","€ 343,00",4.2/5,(9.180 reviews)
iPhone 12 Simlockvrij 64 GB - Zwart,"€ 809,00 nieuw","€ 405,00",4.2/5,(17.665 reviews)
iPhone XR Simlockvrij 64 GB - Zwart,"€ 439,00 nieuw","€ 223,00",4/5,(8.999 reviews)
iPhone 12 Simlockvrij 256 GB - Zwart,"€ 979,00 nieuw","€ 557,32",4.2/5,(17.668 reviews)
iPhone SE (2020) Simlockvrij 64 GB - Wit,"€ 319,00 nieuw","€ 160,00",4.2/5,(12.365 reviews)
iPhone XS Simlockvrij 64 GB - Spacegrijs,"€ 489,00 nieuw","€ 234,00",3.9/5,(4.369 reviews)
iPhone 11 Simlockvrij 64 GB - Wit,"€ 589,00 nieuw","€ 325,00",4.1/5,(22.350 reviews)
iPhone 12 Simlockvrij 64 GB - Wit,"€ 809,00 nieuw","€ 420,90",4.2/5,(17.661 reviews)
iPhone 13 Pro Simlockvrij 128 GB - Grafiet,"€ 1.159,00 nieuw","€ 822,25",4.4/5,(2.751 reviews)
iPhone SE (2020) Simlockvrij 64 GB - (PRODUCT)Red,"€ 319,00 nieuw","€ 169,51",4.2/5,(12.363 reviews)
iPhone 11 Simlockvrij 128 GB - Wit,"€ 639,00 nieuw","€ 374,42",4.1/5,(22.337 reviews)
iPhone 13 mini Simlockvrij 128 GB - Middernacht,"€ 809,00 nieuw","€ 550,08",4.4/5,(2.138 reviews)
iPhone 13 mini Simlockvrij 256 GB - Middernacht,"€ 929,00 nieuw","€ 594,23",4.4/5,(2.137 reviews)
iPhone 11 Simlockvrij 64 GB - Paars,"€ 589,00 nieuw","€ 332,13",4.1/5,(22.340 reviews)
iPhone 12 mini Simlockvrij 64 GB - Rood,"€ 689,00 nieuw","€ 350,00",4.2/5,(9.182 reviews)
iPhone 12 mini Simlockvrij 128 GB - Wit,"€ 739,00 nieuw","€ 363,00",4.2/5,(9.181 reviews)
iPhone 12 mini Simlockvrij 128 GB - Rood,"€ 739,00 nieuw","€ 397,00",4.2/5,(9.180 reviews)
iPhone 11 Pro Simlockvrij 256 GB - Middernachtgroen,"€ 979,00 nieuw","€ 473,68",4.1/5,(5.932 reviews)
